{
	"command.wrapWithAbbreviation": "使用缩写包围",
	"command.wrapIndividualLinesWithAbbreviation": "输入缩写包围个别行",
	"command.removeTag": "移除标签",
	"command.updateTag": "更新标签",
	"command.matchTag": "转至匹配对",
	"command.balanceIn": "平衡(向内)",
	"command.balanceOut": "平衡(向外)",
	"command.prevEditPoint": "转到上一编辑点",
	"command.nextEditPoint": "转到下一编辑点",
	"command.mergeLines": "合并行",
	"command.selectPrevItem": "选择上一项",
	"command.selectNextItem": "选择下一项",
	"command.splitJoinTag": "分离/联接标记",
	"command.toggleComment": "切换注释",
	"command.evaluateMathExpression": "求数学表达式的值",
	"command.updateImageSize": "更新图像大小",
	"command.reflectCSSValue": "映射 CSS 值",
	"command.incrementNumberByOne": "增加 1",
	"command.decrementNumberByOne": "减少 1",
	"command.incrementNumberByOneTenth": "增加 0.1",
	"command.decrementNumberByOneTenth": "减少 0.1",
	"command.incrementNumberByTen": "增加 10",
	"command.decrementNumberByTen": "减少 10",
	"emmetSyntaxProfiles": "为指定的语法定义配置文件或使用带有特定规则的配置文件。",
	"emmetExclude": "不应展开 Emmet 缩写的语言数组。",
	"emmetExtensionsPath": "包含 Emmet 配置文件与代码片段的文件夹路径。",
	"emmetShowExpandedAbbreviation": "在建议中显示展开的 Emmet 缩写。\n选择 \"inMarkupAndStylesheetFilesOnly\" 选项将仅应用于 html、haml、jade、slim、xml、xsl、css、scss、sass、less 和 stylus 文件。\n选择 \"always\" 选项将应用于所有适用文件不限于标记或 CSS 的所有部分。",
	"emmetShowAbbreviationSuggestions": "显示可能的 Emmet 缩写作为建议。在样式表中或当 emmet.showExpandedAbbreviation 设置为 \"never\" 时不适用。",
	"emmetIncludeLanguages": "在默认不支持 Emmet 的语言中启用 Emmet 缩写功能。在此添加该语言与支持 Emmet 的语言之间的映射。\n示例: {\"vue-html\": \"html\", \"javascript\": \"javascriptreact\"}",
	"emmetVariables": "用于 Emmet 代码片段的变量",
	"emmetTriggerExpansionOnTab": "启用后，按下 TAB 键，将展开 Emmet 缩写。",
	"emmetPreferences": "用于修改 Emmet 某些操作和解析程序的行为的首选项。",
	"emmetPreferencesIntUnit": "整数值的默认单位",
	"emmetPreferencesFloatUnit": "浮点数值的默认单位",
	"emmetPreferencesCssAfter": "展开 CSS 缩写时在 CSS 属性末尾放置的符号",
	"emmetPreferencesSassAfter": "在 Sass 文件中展开 CSS 缩写时在 CSS 属性末尾放置的符号",
	"emmetPreferencesStylusAfter": "在 Stylus 文件中展开 CSS 缩写时在 CSS 属性末尾放置的符号",
	"emmetPreferencesCssBetween": "展开 CSS 缩写时在 CSS 属性之间放置的符号",
	"emmetPreferencesSassBetween": "在 Sass 文件中展开 CSS 缩写时在 CSS 属性之间放置的符号",
	"emmetPreferencesStylusBetween": "在 Stylus 文件中展开 CSS 缩写时在 CSS 属性之间放置的符号",
	"emmetShowSuggestionsAsSnippets": "若为 \"true\"，Emmet 建议将显示为代码片段。你可以在 editor.snippetSuggestions 设置中排列顺序。",
	"emmetPreferencesBemElementSeparator": "在使用 BEM 过滤器时，类名使用的元素分隔符",
	"emmetPreferencesBemModifierSeparator": "在使用 BEM 过滤器时，类名使用的修饰符分隔符",
	"emmetPreferencesFilterCommentBefore": "使用注释过滤器时，应置于匹配元素前注释的定义。",
	"emmetPreferencesFilterCommentAfter": "使用注释过滤器时，应置于匹配元素后注释的定义。",
	"emmetPreferencesFilterCommentTrigger": "用半角逗号 (\",\") 隔开的属性名缩写的数组，将由注释筛选器应用",
	"emmetPreferencesFormatNoIndentTags": "表示不应向内缩进的标记名称数组",
	"emmetPreferencesFormatForceIndentTags": "表示应始终向内缩进的标记名称数组",
	"emmetPreferencesAllowCompactBoolean": "若为 \"true\"，将生成紧凑型布尔属性"
}